theta0,theta1,mean,std
0,0,0,0
6331.833333333333,-1106.0198809926287,101066.25,51565.1899106445
